rep,delta_ms,nochange_ms,delta_minus_nochange_ms,app_protocol,stream1,stream2,stream3,total_handshakes,same_app_quic
1,27.481,28.724,-1.243,2,0,4,8,2,1
2,28.458,26.837,1.621,2,0,4,8,2,1
3,27.267,27.769,-0.502,2,0,4,8,2,1
4,26.991,28.710,-1.719,2,0,4,8,2,1
5,31.244,26.937,4.307,2,0,4,8,2,1
6,27.073,33.820,-6.747,2,0,4,8,2,1
7,27.486,29.661,-2.175,2,0,4,8,2,1
8,29.173,28.448,0.725,2,0,4,8,2,1
9,30.929,30.414,0.515,2,0,4,8,2,1
10,26.927,28.545,-1.618,2,0,4,8,2,1
11,34.717,33.118,1.599,2,0,4,8,2,1
12,28.548,30.267,-1.719,2,0,4,8,2,1
13,26.132,28.669,-2.537,2,0,4,8,2,1
14,28.852,30.651,-1.799,2,0,4,8,2,1
15,29.641,33.328,-3.687,2,0,4,8,2,1
16,31.858,30.164,1.694,2,0,4,8,2,1
17,30.618,28.859,1.759,2,0,4,8,2,1
18,31.504,28.588,2.916,2,0,4,8,2,1
19,32.873,28.130,4.743,2,0,4,8,2,1
20,29.890,26.763,3.127,2,0,4,8,2,1
21,30.968,30.107,0.861,2,0,4,8,2,1
22,27.413,26.401,1.012,2,0,4,8,2,1
23,29.359,31.718,-2.359,2,0,4,8,2,1
24,29.487,32.845,-3.358,2,0,4,8,2,1
25,30.142,28.990,1.152,2,0,4,8,2,1
26,28.370,29.375,-1.005,2,0,4,8,2,1
27,28.986,26.111,2.875,2,0,4,8,2,1
28,29.637,30.739,-1.102,2,0,4,8,2,1
29,26.182,27.337,-1.155,2,0,4,8,2,1
30,30.003,28.348,1.655,2,0,4,8,2,1
31,31.736,29.005,2.731,2,0,4,8,2,1
32,27.027,32.650,-5.623,2,0,4,8,2,1
33,27.747,27.845,-0.098,2,0,4,8,2,1
34,30.359,28.256,2.103,2,0,4,8,2,1
35,31.327,28.997,2.330,2,0,4,8,2,1
36,31.570,28.325,3.245,2,0,4,8,2,1
37,27.048,27.612,-0.564,2,0,4,8,2,1
38,29.371,30.788,-1.417,2,0,4,8,2,1
39,26.183,28.504,-2.321,2,0,4,8,2,1
40,27.712,26.227,1.485,2,0,4,8,2,1
41,30.355,34.505,-4.150,2,0,4,8,2,1
42,26.989,31.136,-4.147,2,0,4,8,2,1
43,31.559,27.998,3.561,2,0,4,8,2,1
44,27.040,27.521,-0.481,2,0,4,8,2,1
45,27.753,27.233,0.520,2,0,4,8,2,1
46,26.468,25.698,0.770,2,0,4,8,2,1
47,29.972,29.827,0.145,2,0,4,8,2,1
48,29.285,29.476,-0.191,2,0,4,8,2,1
49,28.921,27.244,1.677,2,0,4,8,2,1
50,28.726,28.319,0.407,2,0,4,8,2,1
51,29.475,30.854,-1.379,2,0,4,8,2,1
52,27.937,27.822,0.115,2,0,4,8,2,1
53,32.928,33.200,-0.272,2,0,4,8,2,1
54,31.998,28.738,3.260,2,0,4,8,2,1
55,26.482,23.347,3.135,2,0,4,8,2,1
56,29.890,29.207,0.683,2,0,4,8,2,1
57,26.791,27.148,-0.357,2,0,4,8,2,1
58,30.585,30.453,0.132,2,0,4,8,2,1
59,29.064,30.851,-1.787,2,0,4,8,2,1
60,29.473,29.597,-0.124,2,0,4,8,2,1
61,32.026,30.226,1.800,2,0,4,8,2,1
62,28.630,25.529,3.101,2,0,4,8,2,1
63,31.388,30.830,0.558,2,0,4,8,2,1
64,29.167,28.581,0.586,2,0,4,8,2,1
65,28.003,30.509,-2.506,2,0,4,8,2,1
66,34.788,26.559,8.229,2,0,4,8,2,1
67,28.557,24.704,3.853,2,0,4,8,2,1
68,27.070,31.389,-4.319,2,0,4,8,2,1
69,30.505,34.701,-4.196,2,0,4,8,2,1
70,29.569,28.835,0.734,2,0,4,8,2,1
71,31.238,33.315,-2.077,2,0,4,8,2,1
72,30.559,29.592,0.967,2,0,4,8,2,1
73,26.409,27.984,-1.575,2,0,4,8,2,1
74,31.537,28.127,3.410,2,0,4,8,2,1
75,27.504,25.130,2.374,2,0,4,8,2,1
76,28.842,28.700,0.142,2,0,4,8,2,1
77,30.389,29.439,0.950,2,0,4,8,2,1
78,29.378,31.273,-1.895,2,0,4,8,2,1
79,29.736,30.275,-0.539,2,0,4,8,2,1
80,29.637,29.434,0.203,2,0,4,8,2,1
81,29.610,29.553,0.057,2,0,4,8,2,1
82,27.758,26.712,1.046,2,0,4,8,2,1
83,31.273,33.249,-1.976,2,0,4,8,2,1
84,30.010,25.825,4.185,2,0,4,8,2,1
85,31.563,33.824,-2.261,2,0,4,8,2,1
86,29.680,29.076,0.604,2,0,4,8,2,1
87,33.290,32.539,0.751,2,0,4,8,2,1
88,28.135,30.051,-1.916,2,0,4,8,2,1
89,31.511,31.078,0.433,2,0,4,8,2,1
90,29.296,31.534,-2.238,2,0,4,8,2,1
91,28.968,31.378,-2.410,2,0,4,8,2,1
92,24.401,27.787,-3.386,2,0,4,8,2,1
93,27.493,25.406,2.087,2,0,4,8,2,1
94,30.882,30.223,0.659,2,0,4,8,2,1
95,29.750,29.747,0.003,2,0,4,8,2,1
96,32.720,28.263,4.457,2,0,4,8,2,1
97,30.355,28.095,2.260,2,0,4,8,2,1
98,27.606,26.034,1.572,2,0,4,8,2,1
99,28.381,29.739,-1.358,2,0,4,8,2,1
100,29.807,31.142,-1.335,2,0,4,8,2,1
